*.apple.com,
*.cellphones.com.vn,
*.dienthoaivui.com.vn,
*.garmin.com,
*.gsmarena.com,
*.huawei.com,
*.icloud.com,
*.oppo.com,
*.mi.com,
*.samsung.com,
*.xiaomi.com,
*.haraworks.vn,
*.hstatic.net,
*.haravan.com,
*.cloudflare.com,
*.youtube.com,
*.cps.onl,
*.powerbi.com,
*.powerapps.com,
*.msn.com,
*.live.com,
*.microsoftonline.com,
*.ilovepdf.com,
*.capnuocbenthanh.com,
*.smallpdf.com,
*.cloudteam.vn,
*.xmusicstation.com,
https://cps.onl,
https://coccoc.com,
https://coccoc.com.vn,
https://accounts.coccoc.com,
https://signup.microsoft.com,
https://microsoft.com,
https://www.microsoft.com,
https://bing.com,
https://www.google.com,
https://www.google.com.vn,
https://google.com,
https://google.com.vn,
https://dienthoaivui.com.vn,
https://xiaomi.com,
https://accounts.google.com,
https://apple.com,
https://cellphones.com.vn,
https://garmin.com,
https://gsmarena.com,
https://huawei.com,
https://youtube.com,
https://icloud.com,
https://id.zalo.me,
https://ipsw.me,
https://oppo.com,
https://mi.com,
https://salework.net,
https://zalo.salework.net,
https://samsung.com,
https://sickw.com,
https://haraworks.vn,
https://hstatic.net,
https://haravan.com,
https://cloudflare.com,
https://unpkg.com,
https://my.zuizui.icu,
https://www.google-analytics.com,
https://www.googletagmanager.com,
https://analytics.google.com,
https://calendar.google.com,
https://meet.google.com,
https://photos.google.com,
https://drive.google.com,
https://smallpdf.com,
https://www.bing.com,
https://capnuocbenthanh.com,
https://xmusicstation.com,
https://cloudteam.vn